Question,Answer,Section,Category,Document,Page,Chunk_ID,Confidence_Score
What is KIEC's success rate in assisting students with their international studies?,KIEC reports a 97% success rate in helping students achieve their international education goals.,KIEC Success Rate,custom_entries,Your Path to International Studies Starts at KIEC,0,76b84e4e-78c5-4722-a8c2-1305cdc35a78,0.95
How many years of experience does KIEC have in guiding students towards international education?,KIEC has 18 years of experience in facilitating international education opportunities for students.,KIEC Experience,custom_entries,Your Path to International Studies Starts at KIEC,0,2c62b0c1-d67e-40b5-ab32-43fb7e471004,0.95
Approximately how many students have received full scholarships through KIEC?,KIEC has supported 300+ students with full scholarships for their international studies.,Scholarship Opportunities,scholarships,Your Path to International Studies Starts at KIEC,0,743722b9-958a-4444-9715-cf6533b92ffa,0.9
In how many countries does KIEC have partnerships with universities?,KIEC has partnerships with over 200 leading institutions across 9 countries.,Global University Partnerships,custom_entries,Your Path to International Studies Starts at KIEC,0,bda1f0c4-7188-444d-a63c-94037f3d5a84,0.9
What type of support does KIEC provide to students interested in studying abroad?,"KIEC provides personalized, student-centered guidance with experienced counselors who understand international education systems and university admission requirements.",KIEC Support Services,application_process,Your Path to International Studies Starts at KIEC,0,18c8e533-b715-47e6-9812-fd59c78cc480,0.95
Does KIEC organize events to connect students with potential universities?,"Yes, KIEC regularly hosts events featuring representatives from various universities, such as Adelaide Institute of Higher Education (AIHE), Southern Academy of Higher Education (SAHE), Navitas, University of Southern Queensland (UniSQ), and Kaplan International Pathways.",University Information Sessions,custom_entries,Your Path to International Studies Starts at KIEC,0,b1e07433-1c25-4d77-a655-e86d3bc0e43a,0.95
What is the process for finding out more about KIEC's services?,"The website provides a ""GET STARTED"" link which presumably leads to more detailed information about the application process and services offered by KIEC.",Getting Started with KIEC,application_process,Your Path to International Studies Starts at KIEC,0,d7d166c8-b88d-4271-9480-f9bf733517c3,0.8
How many universities and institutes does KIEC represent globally?,KIEC has partnered with 188 universities and institutes across twelve countries.,KIEC Partnerships,custom_entries,Your Path to International Studies Starts at KIEC,2,a4f8c317-8d85-49c0-aaee-92bd543a37b4,1.0
What support services does KIEC offer students interested in studying abroad?,"KIEC provides student counseling and assistance with test preparation, specifically mentioning IELTS preparation.",KIEC Support Services,language_requirements,Your Path to International Studies Starts at KIEC,2,2d8c443d-9374-4980-89a5-d0fb64829476,1.0
What types of programs does KIEC help students with?,"KIEC assists students with education abroad, skilled career paths, and migration options.",Program Support,career_prospects,Your Path to International Studies Starts at KIEC,2,44e3fa45-6c4a-4ff7-921a-f5c023dbd811,1.0
Where can I find more information about studying abroad through KIEC?,"More information can be found by clicking the 'LEARN MORE' link, which leads to page ID 4430 and also the 'Aboard Studies' link, page ID 3468 on the KIEC website.",Information Resources,general_queries,Your Path to International Studies Starts at KIEC,2,4974b43c-5a67-453e-b597-88a710b31abc,1.0
Does KIEC provide assistance with university applications?,"While not explicitly stated, the provision of student counseling and assistance with test preparation strongly suggests that KIEC likely offers assistance with university applications;  further investigation on their website is advised.",Application Assistance,application_process,Your Path to International Studies Starts at KIEC,2,22ca2324-d130-4821-b5a6-ae653c023814,0.8
Can I see examples of universities KIEC works with?,"Yes, the website showcases several universities including (but not limited to) Cambridge University, University of Lille, University of Toronto, John Hopkins University, and several Australian universities.",Partner University Examples,custom_entries,Your Path to International Studies Starts at KIEC,2,e32bd43c-8dc5-4bae-ab6a-a15ec7b837f8,1.0
What is the focus of KIEC's vision for its students?,"KIEC aims to be a lifelong launchpad for students, helping them reach their highest potential through education abroad, skilled careers, or migration.",KIEC's Vision,career_prospects,Your Path to International Studies Starts at KIEC,2,ae9b3788-c503-4acc-bcbb-b8dcc07a1121,1.0
What specific test preparation does KIEC offer?,"The website specifically mentions IELTS preparation, but further investigation is recommended to determine the full scope of test preparation services offered.",Test Preparation Services,language_requirements,Your Path to International Studies Starts at KIEC,2,d5f66042-f1eb-45c1-b8b5-d75c5949ce0b,0.9
Which universities in the UK does KIEC partner with for study abroad programs?,"KIEC partners with several UK universities, including Cambridge University, De Montfort University, LSBU (London South Bank University), and Ulster University.  The image gallery shows several others, but specific partnerships require further investigation on KIEC's website.",Partner Universities (UK),custom_entries,Your Path to International Studies Starts at KIEC,3,323aeb53-e2dd-4e80-ad41-53d35b8cf18a,0.8
What Australian universities are represented in KIEC's study abroad options?,"KIEC showcases partnerships with several Australian universities, including Chisholm Institute, Charles Sturt University, CSU (likely referring to another Australian university, clarification needed), University of Wollongong, Deakin University, ECU (Edith Cowan University, likely), La Trobe University, University of Canberra, and QUT (Queensland University of Technology).",Partner Universities (Australia),custom_entries,Your Path to International Studies Starts at KIEC,3,5ded4cf9-4571-418e-838c-1764c4dd9e01,0.75
Does KIEC facilitate study abroad opportunities in France?,"Yes, KIEC lists the University of Lille among its partner institutions for study abroad programs.",Partner Universities (France),custom_entries,Your Path to International Studies Starts at KIEC,3,9a32519a-a1dd-4cc4-80b9-587739205e60,0.9
What types of institutions does KIEC represent besides universities?,"Besides universities, KIEC also represents colleges and institutes such as  Chisholm Institute (Australia), and SAE Institute (likely specializing in creative fields, requiring further confirmation).",Institution Types,custom_entries,Your Path to International Studies Starts at KIEC,3,0f7451aa-046f-4bca-a986-fa5d55a14155,0.8
Are there any US universities listed as partners through KIEC?,"Based on the provided images, no US universities are explicitly listed as KIEC partners.",Partner Universities (US),custom_entries,Your Path to International Studies Starts at KIEC,3,a2595ea9-57fb-404b-8685-9c4d8e5bb6c7,0.95
Can I get information about application processes and requirements through KIEC?,The provided images do not offer specific details on application processes or requirements.  Further information needs to be sought directly from KIEC's website or by contacting them.,Application Procedures,application_process,Your Path to International Studies Starts at KIEC,3,5feff59e-7d1e-4888-97f7-834f9b4b9a0d,0.6
What is the cost of studying abroad through KIEC?,The provided information gives no details on program costs.  Tuition fees and living expenses vary greatly depending on the chosen university and country.  Contacting KIEC directly is necessary to obtain cost estimates.,Program Costs,costs_and_finances,Your Path to International Studies Starts at KIEC,3,5fa5cd2b-a37a-4fb9-ab32-5cd2241cf36d,0.5
What support does KIEC provide for students pursuing study abroad options?,The provided information does not specify the level of student support offered by KIEC.  More details on this aspect are needed from their website or direct contact.,Student Support Services,custom_entries,Your Path to International Studies Starts at KIEC,3,d7ceae22-6051-4a5d-839b-1f218db2c47a,0.5
What support does KIEC provide for visa applications?,"KIEC provides comprehensive support throughout the visa process, assisting with applications and offering guidance on all aspects, from initial paperwork to final approval.  Testimonials highlight their help with minor details and ensuring a smooth, stress-free process.",Visa Application Support,visa_information,Your Path to International Studies Starts at KIEC,4,a0da44c1-ffb2-4915-8a55-e5071d84c8dd,0.95
Does KIEC assist with university admissions?,"Yes, KIEC assists with education admissions to universities in various countries, including Australia and the USA. They help students gain acceptance into their chosen programs.",University Admissions Support,application_process,Your Path to International Studies Starts at KIEC,4,dfb1410a-09d4-4280-81eb-b6378a96ab57,0.9
What types of programs does KIEC support applications for?,"KIEC has assisted students with applications for nursing programs and graduate programs, demonstrating their capacity to support diverse academic pathways.",Program Support,application_process,Your Path to International Studies Starts at KIEC,4,bb64df7b-771c-497d-bcf2-850007c99607,0.9
How does KIEC handle the application process?,"KIEC's approach involves consistent support from early stages, often minimizing the need for in-person office visits or constant email reminders, making the process convenient for students.",Application Process,application_process,Your Path to International Studies Starts at KIEC,4,d4578caa-f254-4dae-8581-49fe1d886f5b,0.9
What is the level of personal support offered by KIEC staff?,"KIEC staff are described as supportive, helpful, dedicated, and professional.  Multiple testimonials specifically thank individual staff members by name, suggesting a personalized approach to student support.",Staff Support and Personalization,custom_entries,Your Path to International Studies Starts at KIEC,4,15baa3e7-5451-4507-a59a-4a70209c93be,0.95
What is the overall experience like with KIEC?,"Students consistently describe their experience with KIEC as 'amazing,' 'fantastic,' 'effective,' and 'smooth,' emphasizing the stress-free nature of the process and the high level of support received.",Overall Student Experience,custom_entries,Your Path to International Studies Starts at KIEC,4,6e4102dc-3c25-4600-8cec-03418811cedb,0.95
Does KIEC provide support beyond just the initial visa and admission process?,"Yes, at least one testimonial indicates ongoing support, even throughout the migration process, suggesting assistance beyond the initial application stages.",Post-Admission Support,application_process,Your Path to International Studies Starts at KIEC,4,c7b457fc-1a05-46d0-bd6c-1131ae65626e,0.85
What countries do KIEC's services cover?,"Based on the testimonials, KIEC's services cover Australia, the USA, and potentially other countries based on their mention of 'KIEC Global'.",Geographic Coverage,custom_entries,Your Path to International Studies Starts at KIEC,4,ea74e72c-49f8-4480-a817-1513abbbc706,0.8
What services does KIEC provide for students wishing to study abroad?,"KIEC assists students with the entire study abroad process, from application guidance and admissions support to post-study counseling.  They have assisted 250,000 students.",KIEC Services,application_process,Your Path to International Studies Starts at KIEC,5,7cdac07a-f3df-4680-8451-31652a6429dd,0.95
What is the general procedure for applying to study abroad through KIEC?,"The application process involves submitting a form with your name, email, and contact number.  Specific requirements will vary depending on the student's profile and chosen destination.",Application Process,application_process,Your Path to International Studies Starts at KIEC,5,3bbf2e67-02be-4ddb-a73c-459f72576d52,0.8
Does KIEC offer assistance with English language preparation for international study?,"The images suggest KIEC offers IELTS preparation classes, indicating that they may provide support with English language requirements for studying abroad.",English Language Support,language_requirements,Your Path to International Studies Starts at KIEC,5,57fc7d69-0c3a-4d3a-b386-cab6a7a77903,0.7
What types of institutions does KIEC potentially partner with for study abroad opportunities?,"Based on the image showing a 'British School Council' logo, KIEC likely has connections with UK institutions.  Further information about the range of partner institutions is needed.",Partner Institutions,custom_entries,Your Path to International Studies Starts at KIEC,5,5104da35-e4b9-4915-8790-b0bf76e0eebc,0.6
What kind of post-study support does KIEC provide?,"KIEC offers post-study counseling, though the specifics of this support are not detailed on the provided website excerpt.",Post-Study Support,custom_entries,Your Path to International Studies Starts at KIEC,5,ede6015c-0530-4be8-a5bf-3aced7444e75,0.8
Is there a cost associated with using KIEC's study abroad services?,The provided text does not specify any fees associated with KIEC's services.,KIEC Fees,costs_and_finances,Your Path to International Studies Starts at KIEC,5,07b898c0-eee3-4648-898f-9ee14aa5abb4,0.5
Where can I find more detailed information about specific study abroad programs offered through KIEC?,The provided text does not offer links or details to specific study abroad programs. Further exploration of the KIEC website is recommended.,Program Information,custom_entries,Your Path to International Studies Starts at KIEC,5,b98bfd50-ab59-46a7-ac64-c0afa9e61cfa,0.7
What is the contact information for KIEC to inquire about study abroad opportunities?,The provided text only offers an application form; direct contact information for KIEC is missing from this excerpt.  You should look for contact information on their main website.,Contact Information,application_process,Your Path to International Studies Starts at KIEC,5,76c3c830-e4d6-4f86-bade-5d3cf07786d9,0.6
How can I apply to KIEC for study abroad assistance?,"KIEC's website provides an online application form requiring your name, email, and contact number.  Submitting this form initiates the application process. Note that the specific requirements may vary depending on individual circumstances.",Application Process,application_process,Your Path to International Studies Starts at KIEC,6,8860f718-3b68-450d-8fa9-2f6b12e54608,0.9
What is the general process for Nepalese students studying abroad?,"While individual processes vary, KIEC provides guidance.  The process likely involves application submission, assessment of your profile, and post-study counseling.",Study Abroad Process Overview,general_queries,Your Path to International Studies Starts at KIEC,6,384e08cf-03b8-4962-87d2-916e44b2fe3a,0.8
How many students has KIEC assisted with studying abroad?,"KIEC claims to have assisted 250,000 students in their study abroad journeys.",KIEC Success Metrics,custom_entries,Your Path to International Studies Starts at KIEC,6,e1efe04f-e483-4b89-9023-c954a2386868,0.7
Does KIEC provide post-study counseling?,"Yes, KIEC offers post-study counseling services to support students after they complete their studies abroad.",Post-Study Support,custom_entries,Your Path to International Studies Starts at KIEC,6,2620965a-91c6-4a69-87c7-16e7bb027efc,1.0
Where are KIEC's offices located in Nepal?,"KIEC has offices in Dang, Butwal, Pokhara, Baglung, Chitwan, Birtamode, Kathmandu (KTM), Lalitpur, Itahari, Biratnagar, Nepalgunj, Dhangadhi, and Hetauda.",KIEC Office Locations,custom_entries,Your Path to International Studies Starts at KIEC,6,160e9a8c-884e-48af-8e88-c6bc5467a357,0.95
Does KIEC have international offices?,"The website mentions both corporate and international offices, but specific locations aren't listed on the provided webpage snippet.",KIEC Global Reach,custom_entries,Your Path to International Studies Starts at KIEC,6,06a6d631-69c6-418d-939d-be4129e60006,0.6
What type of information is needed for the study abroad application?,"The online application requires at minimum your name, email address, and contact number.",Application Requirements,application_process,Your Path to International Studies Starts at KIEC,6,d833cfe6-5211-4627-a6b1-81f2a0fca09f,0.9
What is the stated message upon successful admission?,"The website displays a ""Congratulations Your admission Completed"" message after submission.",Admission Confirmation,application_process,Your Path to International Studies Starts at KIEC,6,61ed5229-1550-4a21-ad4a-5b3ab3bf30a0,1.0
What countries does Edwise Foundation assist students with applying to for higher education?,"Edwise Foundation helps students apply to universities in the United States, Canada, Australia, and the United Kingdom.",Target Countries,application_process,Best Education Consultancy in Kathmandu Nepal: Edwise Foundation,0,00195799-7098-4388-8112-ec0290264ea8,1.0
What types of support does Edwise Foundation provide for the application process?,"They offer support with Statement of Purpose (SoP), essays, Common App, CSS, ISFAA, Letters of Recommendation (LoR), and university correspondence.",Application Support,application_process,Best Education Consultancy in Kathmandu Nepal: Edwise Foundation,0,e7ac9208-c3a0-4f48-a9dd-02d531396224,1.0
What financial aid assistance does Edwise Foundation offer guidance on?,"They provide guidance and strategies for securing Full Ride scholarships, Full/Partial Graduate Assistantships, Full Tuition waivers, and Out-of-State waivers.",Financial Aid,scholarships,Best Education Consultancy in Kathmandu Nepal: Edwise Foundation,0,c550dc45-877f-4fbe-b2ae-85dbd62f7f0d,1.0
What types of universities does Edwise Foundation help students find?,They assist students in finding universities ranging from liberal arts colleges to top-tier research universities.,University Types,custom_entries,Best Education Consultancy in Kathmandu Nepal: Edwise Foundation,0,90090cc4-8801-41c2-832f-49bdbf8ac15a,1.0
Does Edwise Foundation offer assistance with the F-1 visa interview process?,"Yes, they provide smart assistance with the F-1 visa interview.",Visa Support,visa_information,Best Education Consultancy in Kathmandu Nepal: Edwise Foundation,0,22011a60-2d46-4623-851f-5547f5f92383,1.0
What kind of practical insights does Edwise Foundation provide?,"They offer practical insights into CPT, OPT, Co-op, and STEM programs.",Practical Information,custom_entries,Best Education Consultancy in Kathmandu Nepal: Edwise Foundation,0,67e03695-1d08-4f33-be28-cf68bda8b333,1.0
What free resources are available through Edwise Foundation?,"They provide free access to universitiesâ€™ guides, publications, public information sessions, and university fairs.",Free Resources,custom_entries,Best Education Consultancy in Kathmandu Nepal: Edwise Foundation,0,0b1f04de-2733-4afb-ae7a-eed7eb023ae4,1.0
How many successful placements has Edwise Foundation achieved?,"Edwise Foundation reports over 7,000 success stories.",Success Rate,custom_entries,Best Education Consultancy in Kathmandu Nepal: Edwise Foundation,0,d8bd83cb-b38f-40ea-8d6a-a196c8c98225,1.0
"What support does Edwise Foundation offer for studying in Canada, Australia, and the UK?","Edwise provides full-fledged support including free consultations on education systems, admission, scholarship and visa requirements, and work rights (including Post-Study Work permits). They offer expert advising from counselors graduated from universities in the US, UK, Australia, and Canada, and smart guidance on specific visa applications (GTE for Australia, Study Permits for Canada, and Tier 4 General Student Visas for the UK).",Support Services,visa_information,Best Education Consultancy in Kathmandu Nepal: Edwise Foundation,1,cdb3c58c-81fa-4512-a1e6-13a66f8cafa2,1.0
What certifications do Edwise Foundation's counselors hold?,"Edwise counselors possess professional certifications with USATC, CCEA, QEAC, and The British Council.",Counselor Credentials,custom_entries,Best Education Consultancy in Kathmandu Nepal: Edwise Foundation,1,bbf595db-30da-4c75-b9c9-2d287aa9b1c1,1.0
What free resources does Edwise Foundation offer prospective students?,"They offer free access to public information sessions, fairs, and publications.",Free Resources,custom_entries,Best Education Consultancy in Kathmandu Nepal: Edwise Foundation,1,d42c73c8-fb46-4cb4-b512-ea95cf208878,1.0
How can I find information on UK student visas for Nepalese students?,"Edwise Foundation offers a detailed UK Student Visa Guide 2025 specifically for Nepalese students, outlining the step-by-step process.  This guide can be accessed via their website.",UK Visa Information,visa_information,Best Education Consultancy in Kathmandu Nepal: Edwise Foundation,1,6c131dad-8ec2-4589-8753-5be8bac3d261,1.0
What are the alternative English proficiency options if I don't have IELTS for studying in the UK?,"Edwise Foundation provides information on alternative English proficiency options for Nepalese students wishing to study in the UK without IELTS, detailing these options in a guide available on their website.",Alternative English Proficiency,language_requirements,Best Education Consultancy in Kathmandu Nepal: Edwise Foundation,1,bd16304c-01ed-4f46-8187-497ba7f02cc7,1.0
What resources are available to help parents support their children's study abroad journey?,"Edwise Foundation offers a guide on how parents can support their children's study abroad journey, accessible on their website.",Parental Support Resources,custom_entries,Best Education Consultancy in Kathmandu Nepal: Edwise Foundation,1,88c90707-53ae-48b5-8f64-46267b44bf59,1.0
Where can I find information on the best business schools in the UK for Nepalese students?,"Edwise Foundation has a guide specifically listing the best business schools in the UK for Nepalese students, available on their website.",UK Business School Information,custom_entries,Best Education Consultancy in Kathmandu Nepal: Edwise Foundation,1,2a6448d1-753a-4d21-ba71-f204c09f5d0c,1.0
Does Edwise Foundation offer country comparison information?,"Yes, Edwise Foundation provides an overall country comparison to help students make a better decision regarding their study abroad destination.",Country Comparison,custom_entries,Best Education Consultancy in Kathmandu Nepal: Edwise Foundation,1,d6a54231-c0c9-4c64-988f-5c9a6feebec3,1.0
What are some of the best cities in the UK for Nepalese students?,"The provided text doesn't list specific cities, but it directs to a page ([https://edwisefoundation.com/best-cities-to-study-in-the-uk-for-nepalese-students/](https://edwisefoundation.com/best-cities-to-study-in-the-uk-for-nepalese-students/))  that likely contains this information.",UK Study Destinations,custom_entries,Best Education Consultancy in Kathmandu Nepal: Edwise Foundation,2,0b5f175b-509d-42cb-aabe-0c79bbcf509a,0.7
Which UK universities are recommended for studying Computer Science?,The text links to a page ([https://edwisefoundation.com/best-universities-to-study-computer-science-in-the-uk/](https://edwisefoundation.com/best-universities-to-study-computer-science-in-the-uk/))  detailing the best universities for Computer Science in the UK.  Specific universities are not listed in the provided snippet.,UK University Recommendations,custom_entries,Best Education Consultancy in Kathmandu Nepal: Edwise Foundation,2,54f362dd-171c-4995-b764-402ed9f05ddb,0.7
What test preparation courses does Edwise Foundation offer?,"Edwise Foundation offers test preparation classes for TOEFL, IELTS, SAT, GRE, and GMAT.",Test Preparation Courses,language_requirements,Best Education Consultancy in Kathmandu Nepal: Edwise Foundation,2,5e6b8802-72c1-402d-871f-6c6c3bfdf9b1,1.0
Who are the instructors for the TOEFL and IELTS preparation courses?,"The TOEFL course is taught by Madhav Basistha, and the IELTS course is taught by Shree Krishna Maharjan.",Instructors,language_requirements,Best Education Consultancy in Kathmandu Nepal: Edwise Foundation,2,a910e7bf-ab63-45b1-9cd4-835d10838129,1.0
What is the current cost of the TOEFL and IELTS preparation courses?,"The listed price for both TOEFL and IELTS courses is $80.00, with a discounted price of $69.00.",Course Costs,language_requirements,Best Education Consultancy in Kathmandu Nepal: Edwise Foundation,2,1131e353-c2e4-4bc3-ab94-ce41de4f7e46,1.0
How many students are currently enrolled in the TOEFL and IELTS classes?,Both the TOEFL and IELTS classes currently have 28 students enrolled.,Course Enrollment,language_requirements,Best Education Consultancy in Kathmandu Nepal: Edwise Foundation,2,57fc0355-65d6-417a-8141-b90104f2a4ee,1.0
Where can I find more information about Edwise Foundation's courses?,You can find more information on their website at [https://edwisefoundation.com/blog/](https://edwisefoundation.com/blog/) and through individual course links provided for TOEFL and IELTS.,Additional Resources,language_requirements,Best Education Consultancy in Kathmandu Nepal: Edwise Foundation,2,bdf704da-84f4-4111-b42c-a45fbe505a70,1.0
What is Edwise Foundation's claim regarding its instructors' expertise?,"Edwise Foundation claims its instructors are highly experienced and are real test takers with expert knowledge, aiming to help students achieve better test scores.",Instructor Expertise,custom_entries,Best Education Consultancy in Kathmandu Nepal: Edwise Foundation,2,78a097c2-3a16-4f5a-bb06-145989bad2d0,0.95
What is the cost of Edwise Foundation's GRE preparation course?,"The original price is $80.00, but it's currently discounted to $69.00.",GRE Course Costs,costs_and_finances,Best Education Consultancy in Kathmandu Nepal: Edwise Foundation,3,20f09bc5-8e6a-445b-8a2e-299365ca187b,1.0
What is the cost of Edwise Foundation's GMAT preparation course?,"The original price is $80.00, but it's currently discounted to $69.00.",GMAT Course Costs,costs_and_finances,Best Education Consultancy in Kathmandu Nepal: Edwise Foundation,3,6d00e361-2765-47b1-8121-894d844c6eb7,1.0
What is the cost of Edwise Foundation's SAT preparation course?,"The original price is $80.00, but it's currently discounted to $69.00.",SAT Course Costs,costs_and_finances,Best Education Consultancy in Kathmandu Nepal: Edwise Foundation,3,1d23a0f1-a1b5-417d-bbba-448d3975edb5,1.0
"How many students are currently enrolled in Edwise Foundation's GRE, GMAT, and SAT courses?",28 students are enrolled in each course.,Course Enrollment,custom_entries,Best Education Consultancy in Kathmandu Nepal: Edwise Foundation,3,0bc28b41-a7b9-428a-9866-caeead2d0ba3,1.0
Where can I find more information about Edwise Foundation's test preparation courses?,"Click the 'Read More' links provided for each course (GRE, GMAT, SAT).",Further Information,custom_entries,Best Education Consultancy in Kathmandu Nepal: Edwise Foundation,3,3c5ef493-606f-4638-894a-77636955be93,1.0
What kind of support does Edwise Foundation provide for university applications?,"Edwise provides personalized guidance throughout the application process, including university selection, scholarship and assistantship applications, and visa interview preparation.  They offer one-on-one advising and sessions.",Application Support,application_process,Best Education Consultancy in Kathmandu Nepal: Edwise Foundation,4,f6988c9e-0eb1-4b47-9f3a-067d60f84d25,0.95
Does Edwise Foundation offer test preparation services?,"Yes, Edwise offers SAT and TOEFL preparation classes described as engaging and effective by students.",Test Preparation,language_requirements,Best Education Consultancy in Kathmandu Nepal: Edwise Foundation,4,e702ce66-6006-4f36-bfc0-c64d4d29263e,0.9
What types of universities have students successfully applied to with Edwise's help?,"Students have gained admission to universities in the US, including Southern Illinois University Edwardsville (MS Computer Science), Bentley University (MBA), and the University of Central Missouri (Master's).",University Success Stories,application_process,Best Education Consultancy in Kathmandu Nepal: Edwise Foundation,4,0e1f1105-1eb5-43ac-afdc-7565922d4226,0.95
What level of financial aid assistance can students expect from Edwise?,Edwise helps students secure scholarships and assistantships; one student received a 90% scholarship for their MBA program.,Financial Aid Assistance,scholarships,Best Education Consultancy in Kathmandu Nepal: Edwise Foundation,4,62b6e636-b017-416b-b9d2-ee77b04be3fc,0.9
Does Edwise Foundation assist with the visa process?,"Yes, Edwise provides support and guidance throughout the visa interview process.",Visa Support,visa_information,Best Education Consultancy in Kathmandu Nepal: Edwise Foundation,4,8b2d2a17-9e98-4d05-8474-4fdbab981c51,0.95
What is the overall student experience like working with Edwise Foundation?,"Students describe the experience as an investment in self-growth, with a supportive and hospitable working environment and dedicated advisors committed to student success.",Student Experience,custom_entries,Best Education Consultancy in Kathmandu Nepal: Edwise Foundation,4,977b5aac-f06a-46bb-be74-b988042befab,0.9
What types of programs have students been accepted into with Edwise's assistance?,"Students have successfully gained admission into Master's programs in Computer Science and Business Administration (MBA), as well as other Master's programs.",Program Placement,application_process,Best Education Consultancy in Kathmandu Nepal: Edwise Foundation,4,d2e53c81-43b3-40e6-8e2d-2ad26d8e3feb,0.95
"What additional opportunities, beyond university admission, have Edwise helped students with?",Students have secured internships while pursuing their university applications with Edwise's support.,Additional Opportunities,application_process,Best Education Consultancy in Kathmandu Nepal: Edwise Foundation,4,c09478af-4803-4d86-a31d-00af09ba4ba4,0.9
What types of support does Edwise Foundation provide for students applying to US universities?,"Edwise Foundation offers one-on-one counseling sessions, guidance on university selection and major choice, assistance with the application process, and ongoing support throughout the process until arrival in the US.  They address concerns about life and career and patiently answer numerous questions.",Edwise Foundation Services,application_process,Best Education Consultancy in Kathmandu Nepal: Edwise Foundation,5,93346f78-d7f6-47a8-afea-ef31b01d7971,0.95
"What extracurricular activities and achievements can enhance a US university application, as exemplified by Adity Dhungana's experience?","Strong extracurricular involvement, such as leading campus organizations, research experience (e.g., under mentorship of professors, winning research awards like P.U.R.S.U.E.), participation in competitions (e.g., Robotics), and holding student ambassador roles significantly strengthen applications.",Enhancing US University Applications,application_process,Best Education Consultancy in Kathmandu Nepal: Edwise Foundation,5,d8400093-dd92-44c7-88af-6f823953ffb7,0.9
What are some examples of prestigious US universities that Edwise Foundation helps students get into?,The testimonials mention successful placements at the University of New Orleans and the University of North Texas. This suggests Edwise Foundation assists students in gaining admission to a range of US universities.,University Placement Success,application_process,Best Education Consultancy in Kathmandu Nepal: Edwise Foundation,5,ead2d014-a15e-4de2-9791-bf531b2c6f68,0.85
How can students benefit from seeking guidance from an educational consultant like Edwise Foundation?,"Consultants provide expert advice on university selection, application procedures,  addressing concerns about career paths and life transitions, and offer ongoing support, significantly increasing the chances of successful admission to a suitable university.",Benefits of Educational Consulting,application_process,Best Education Consultancy in Kathmandu Nepal: Edwise Foundation,5,4b4376be-0b50-4614-b4cf-1644564e74f4,0.9
"Can scholarships help cover the cost of studying in the US? If so, provide an example.","Yes, scholarships can significantly reduce or even cover the full cost of studying in the US. Adity Dhungana received a full-ride scholarship from the University of New Orleans.",Funding Options for US Study,scholarships,Best Education Consultancy in Kathmandu Nepal: Edwise Foundation,5,1af9bf80-a832-41a3-98a0-d2a46e75f50b,0.95
What is the typical timeline for applying to US universities after completing A-Levels?,"The provided testimonials don't specify exact timelines, but they imply that the application process begins after completing A-Levels, suggesting it takes several months or more from application to enrollment.",Application Timeline,application_process,Best Education Consultancy in Kathmandu Nepal: Edwise Foundation,5,bcd89b9b-18f1-452f-9599-8f44a7032a28,0.7
"What kind of post-graduate opportunities are available after studying in the US, as shown by an example?","After completing a Master's in International Relations at the University of North Texas, Adity Dhungana secured a Research Assistant position, highlighting post-graduate opportunities available to US graduates.",Post-Graduation Opportunities,custom_entries,Best Education Consultancy in Kathmandu Nepal: Edwise Foundation,5,0ef28040-edc7-4ab1-8068-ad10e8db534a,0.9
Is it possible to gain admission to US universities even without prior experience in leading organizations or winning competitions?,"While strong extracurricular activities enhance applications,  the testimonials don't explicitly state that such achievements are strictly required for admission.  Strong academics, compelling essays, and appropriate recommendations play a crucial role as well.",Admission Requirements,application_process,Best Education Consultancy in Kathmandu Nepal: Edwise Foundation,5,3966981c-cfe6-47f9-8b34-368977582c60,0.8
How can Edwise Foundation help me with the university application process?,"Edwise assists with university selection, application completion, and visa interview preparation.  They provide guidance throughout the entire process.",Application Support,application_process,Best Education Consultancy in Kathmandu Nepal: Edwise Foundation,6,35ca2722-5584-45ad-8194-ca76dcb60b5a,0.95
Does Edwise Foundation help with visa interview preparation?,"Yes, Edwise provides specific guidance and insights to help students successfully navigate the US visa interview process, addressing common student struggles.",Visa Assistance,visa_information,Best Education Consultancy in Kathmandu Nepal: Edwise Foundation,6,3bd1bb9f-7b27-47af-b9bb-948123f8cbd1,0.95
What if I have a low score on standardized tests like the SAT? Will Edwise still help me?,"Yes, Edwise counselors can still help students with lower test scores find suitable universities and potentially secure scholarships, leveraging their extensive experience.",Addressing Low Test Scores,scholarships,Best Education Consultancy in Kathmandu Nepal: Edwise Foundation,6,8373f2c6-e3b6-4928-bf5a-d465080d61e1,0.9
Can Edwise help me find scholarships or financial aid for my studies in the US?,"Based on the testimonials, Edwise has helped students obtain scholarships, demonstrating their ability to support financial aspects of studying in the US.",Financial Aid and Scholarships,scholarships,Best Education Consultancy in Kathmandu Nepal: Edwise Foundation,6,bf7739a4-8ae8-4b6c-be9b-59419e8eb86b,0.85
What type of universities has Edwise helped students get accepted into?,"Edwise has successfully placed students in a variety of US universities, including Old Dominion University, University of Cincinnati, Tennessee Tech University, Virginia Polytechnic Institute, University of New Mexico, Southeast Missouri State University, and the University of Bridgeport.",University Placement Success,custom_entries,Best Education Consultancy in Kathmandu Nepal: Edwise Foundation,6,1e9cd1de-519d-45c7-8768-ec5667a93fc0,0.98
What kind of support does Edwise provide during the entire study abroad process?,"Edwise offers comprehensive support, from selecting the right university and completing applications to preparing for visa interviews. They provide ongoing guidance throughout the entire process.",Comprehensive Support,visa_information,Best Education Consultancy in Kathmandu Nepal: Edwise Foundation,6,e7791c7f-40e3-4aee-924a-55bf352f5ade,0.95
What is the overall experience of students who have used Edwise Foundation's services?,"Testimonials consistently praise Edwise's highly qualified consultants, smooth application processes, helpful visa interview preparation, and friendly personnel. Students describe their experience as positive and beneficial.",Student Testimonials,application_process,Best Education Consultancy in Kathmandu Nepal: Edwise Foundation,6,475d9638-0a16-4313-92d0-3039ad631d13,0.97
Does Edwise provide tutoring services?,"At least one testimonial mentions access to tutors, suggesting Edwise may offer additional academic support services beyond application and visa assistance.",Additional Support Services,visa_information,Best Education Consultancy in Kathmandu Nepal: Edwise Foundation,6,dc88d490-db97-48bb-8285-447a2c2758e7,0.8
What types of support does Edwise Foundation provide for university applications?,"Edwise assists with university research, crafting admission essays, preparing for visa interviews, communicating with universities, and securing scholarships and financial aid.",Application Support Services,scholarships,Best Education Consultancy in Kathmandu Nepal: Edwise Foundation,7,ff54dddd-eeee-47e3-989c-32cda87aab60,0.95
Does Edwise Foundation help with finding fully funded opportunities like Graduate Assistantships (GAs)?,"Yes, testimonials indicate Edwise helped students secure full GA opportunities in the US, providing support and motivation throughout the process.",Funding and Scholarships,scholarships,Best Education Consultancy in Kathmandu Nepal: Edwise Foundation,7,2d2ad415-fd35-441f-8d5c-604b67d18f73,0.9
"What is the cost of Edwise Foundation's services, and is it considered worthwhile by past clients?","The testimonials describe the cost as 'very affordable and worth to pay', suggesting a positive return on investment in terms of successful university placement and visa acquisition.",Cost and Value,visa_information,Best Education Consultancy in Kathmandu Nepal: Edwise Foundation,7,4ecd7c9a-c935-4d10-8098-689cb85f37d8,0.85
What kind of universities has Edwise Foundation successfully placed students in?,"Edwise has placed students in various US universities, including the University of Toledo, Grand Valley State University, Oberlin College, and Youngstown State University, across diverse fields like Biomedical Engineering, MBA, Computer Science, and Mathematics.",University Placement Success,custom_entries,Best Education Consultancy in Kathmandu Nepal: Edwise Foundation,7,c3429e97-e7ce-4529-9ea8-0b3ab08b916f,0.95
How does Edwise Foundation prepare students for visa interviews?,"Edwise provides practice sessions for visa interviews until students feel confident and well-prepared, significantly improving their chances of success.",Visa Interview Preparation,visa_information,Best Education Consultancy in Kathmandu Nepal: Edwise Foundation,7,c7d924ce-fe75-454c-a2a4-a41f9f0fc73b,0.9
What is the overall approach of Edwise Foundation towards student support?,"Edwise focuses on finding a university that is the right fit for each student's profile, providing personalized guidance and support throughout the entire application and visa process.  They emphasize genuine care and personalized attention.",Edwise Foundation's Approach,visa_information,Best Education Consultancy in Kathmandu Nepal: Edwise Foundation,7,c9bfb4d8-1989-4655-8cd5-1289ea305b08,0.95
What are the benefits of using Edwise Foundation's services beyond university placement?,"Beyond university placement, Edwise provides comprehensive support leading to increased confidence, improved chances of visa approval, access to scholarships and financial aid, and ultimately, a more successful outcome for students' educational journeys.",Added Benefits,scholarships,Best Education Consultancy in Kathmandu Nepal: Edwise Foundation,7,3c0dc001-a693-4120-8c75-de76d080b6ab,0.9
Can Edwise Foundation help with finding a program that aligns well with my career goals?,"Yes, testimonials suggest Edwise helps students find programs that align with their career aspirations, as evidenced by students successfully securing positions in fields related to their studies (e.g., IT & S Project Manager in a Global Pharmaceutical Company).",Career Alignment,career_prospects,Best Education Consultancy in Kathmandu Nepal: Edwise Foundation,7,6dbc920d-7a50-4614-9d59-10230a0a90d4,0.85
What support does Edwise Foundation provide for the US university application process?,"Edwise Foundation assists with standardized test preparation, university shortlisting, application completion, essay writing, and the US visa application process.  They offer both in-person and virtual support.",Application Support Services,application_process,Best Education Consultancy in Kathmandu Nepal: Edwise Foundation,8,ba228c5b-7304-4c1f-834f-c9b5462123ef,0.95
How does Edwise Foundation help students with financial aid for studying abroad?,"Their advisors carefully assess student profiles, financial situations, aspirations, and interests to explore all possible financial aid options.",Financial Aid Guidance,scholarships,Best Education Consultancy in Kathmandu Nepal: Edwise Foundation,8,64be0bfa-f3f7-4c40-bb8f-215523d3487b,0.9
What is Edwise Foundation's approach to university selection for students?,"They utilize a 'right-match' philosophy, aiming to find the best-fitting university for each student based on their individual needs and goals.",University Matching,custom_entries,Best Education Consultancy in Kathmandu Nepal: Edwise Foundation,8,32b234b9-1438-4af2-b04a-358f6049ffb0,0.95
What type of post-acceptance support does Edwise Foundation offer?,"Edwise advisors maintain contact with students even after they have arrived at their study destination, providing ongoing assistance if needed.",Post-Acceptance Support,custom_entries,Best Education Consultancy in Kathmandu Nepal: Edwise Foundation,8,e7075a78-aa74-4ac9-a8c4-cfd57d325f61,0.9
What kind of learning environment does Edwise Foundation provide for test preparation?,"They strive to create an optimal academic and social environment for students preparing for standardized tests, emphasizing accurate, ethical, and high-quality services.",Test Preparation Environment,custom_entries,Best Education Consultancy in Kathmandu Nepal: Edwise Foundation,8,0df64c25-91e9-49a3-9a3b-f19660cd5c4f,0.95
What is Edwise Foundation's track record of student success?,"They boast over 7,000 success stories, as evidenced by student testimonials.",Success Rate,custom_entries,Best Education Consultancy in Kathmandu Nepal: Edwise Foundation,8,5c8b2a03-78f5-4d2e-8ade-d2a384757f98,0.85
Does Edwise Foundation offer personalized counseling?,"Yes, they provide one-on-one personalized counseling from initial consultation to departure and beyond.",Counseling Services,custom_entries,Best Education Consultancy in Kathmandu Nepal: Edwise Foundation,8,3f42a29b-4589-4ec6-a89b-0a78bfda6f4a,0.95
Which countries does Edwise Foundation primarily assist students with studying in?,"Edwise Foundation focuses on supporting students seeking to study in the U.S., Canada, and other top destinations.",Study Destinations,custom_entries,Best Education Consultancy in Kathmandu Nepal: Edwise Foundation,8,71806645-3cce-4857-87b7-634bdffd9d85,0.95
Which US universities does Edwise Foundation represent?,"Based on the provided images, Edwise Foundation appears to have partnerships with (but this is not conclusive without further information): University of Missouri, University of Nevada, Nipissing University, Northeastern University, NYU (New York University), University of Texas, La Trobe University, Golden Gate University, and potentially others not clearly visible.",University Partnerships,custom_entries,Best Education Consultancy in Kathmandu Nepal: Edwise Foundation,9,788121e9-35a0-48ca-97d0-c80f057244dc,0.7
What type of events does Edwise Foundation organize?,"Edwise Foundation organizes information sessions, as evidenced by the listed events for Southern Illinois University Edwardsville and Arkansas State University in August 2020.  They also have sections for 'Happening', 'Upcoming', and 'Expired' events on their website, suggesting a range of events throughout the year.",Event Information,custom_entries,Best Education Consultancy in Kathmandu Nepal: Edwise Foundation,9,e273cc40-3a1d-43b6-998e-a2ab12e06308,0.9
What is the timeframe for the information sessions mentioned?,"The listed information sessions for Southern Illinois University Edwardsville and Arkansas State University were both scheduled for 1:00 PM to 5:00 PM on August 10th and 13th, 2020, respectively.",Event Details,custom_entries,Best Education Consultancy in Kathmandu Nepal: Edwise Foundation,9,b2617974-7874-45e2-ae96-ba5b2daf7aef,0.95
What kind of support does Edwise Foundation provide regarding US universities?,"Based on the website and the image of several universities, Edwise Foundation likely provides guidance and support for students applying to and studying at various US universities. The exact scope of services is not fully detailed in the provided material.",Services Offered,application_process,Best Education Consultancy in Kathmandu Nepal: Edwise Foundation,9,21b97b15-d2f3-4086-a7e0-d9e4114cbc99,0.8
Where are the information sessions for SIUE and ASU located?,"The information session for Southern Illinois University Edwardsville (SIUE) was in Edwardsville, IL, and the session for Arkansas State University (ASU) was in Jonesboro, AR.",Event Locations,custom_entries,Best Education Consultancy in Kathmandu Nepal: Edwise Foundation,9,8bccc859-7cf9-4c76-82c1-3fd2bf2d82ff,0.95
What is the apparent status of the information sessions for SIUE and ASU?,"Both information sessions for SIUE and ASU are listed as past events (2020), indicating they are now 'expired' events.",Event Status,custom_entries,Best Education Consultancy in Kathmandu Nepal: Edwise Foundation,9,65b9308c-c96d-43eb-ac23-29bb99175f55,0.9
Can I find information on current events hosted by Edwise Foundation?,"Yes, the website links to sections titled 'Happening' and 'Upcoming' events, which should contain details on current events.  However,  this information is not visible within the given content.",Accessing Current Events,custom_entries,Best Education Consultancy in Kathmandu Nepal: Edwise Foundation,9,bdd0a4a8-69b4-4721-bf0c-cf4d1b29a25c,0.85
What is the provided link regarding comments on Edwise Foundation?,The link directs to the American International Recruitment Council (AIRC) website where comments about Edwise Foundation can be found.  Note:  The content of these comments is not included here.,Third-Party Feedback,custom_entries,Best Education Consultancy in Kathmandu Nepal: Edwise Foundation,9,744ad505-145c-4dff-948c-cce645ba44b9,0.95
"When were information sessions held for Arkansas State University, University of South Dakota, and Valparaiso University?","Information sessions for Arkansas State University are not explicitly dated.  For the University of South Dakota and Valparaiso University, information sessions were held on August 16th and August 20th, 2020, respectively, from 1:00 PM to 5:00 PM.",Information Session Dates and Times,custom_entries,Best Education Consultancy in Kathmandu Nepal: Edwise Foundation,10,6f234dbf-6ad3-43ee-907a-0e20604e6ae2,0.95
"Where are the main campuses located for Mercy College, Grand Valley State University, Clark University, and the University of New Haven?","Mercy College's main campus is in Dobbs Ferry, NY. Grand Valley State University's main campus is in Allendale, MI. Clark University is located in Worcester, MA. The University of New Haven is in West Haven, CT.",University Locations,custom_entries,Best Education Consultancy in Kathmandu Nepal: Edwise Foundation,10,b240fdb4-a170-407d-bb41-ccb849e87a55,1.0
"What type of universities are Arkansas State University, University of South Dakota, Valparaiso University, Mercy College, Grand Valley State University, Clark University, and the University of New Haven?","Arkansas State University and the University of South Dakota are public research universities. Valparaiso University and Mercy College are private universities; Valparaiso is Lutheran. Grand Valley State University is a public liberal arts university. Clark University is a private research university, and the University of New Haven is a private university.",University Types and Characteristics,custom_entries,Best Education Consultancy in Kathmandu Nepal: Edwise Foundation,10,49443f19-6f31-496d-8127-1ac16b9b2e19,1.0
"When were information sessions held for Grand Valley State University, Clark University, and the University of New Haven?","Information sessions for Grand Valley State University, Clark University, and the University of New Haven were all held in 2019 on May 15th, April 25th, and April 25th respectively, from 1:00 PM to 5:00 PM.",Information Session Dates and Times,custom_entries,Best Education Consultancy in Kathmandu Nepal: Edwise Foundation,10,d2e21499-2586-48fc-ab62-e9644d175f72,0.95
What is the approximate student population at Valparaiso University?,"Valparaiso University has approximately 4,500 students.",University Size and Diversity,custom_entries,Best Education Consultancy in Kathmandu Nepal: Edwise Foundation,10,1ca9f820-1f27-49d9-b1b4-e8fe949cc49e,1.0
What is known about the founding of the University of South Dakota?,The University of South Dakota was established by the Dakota Territory legislature in 1862.,University History,custom_entries,Best Education Consultancy in Kathmandu Nepal: Edwise Foundation,10,aa934996-9e44-4f01-9c6d-840a739b250e,1.0
What is the stated founding date and major founder of Clark University?,Clark University was founded in 1887 with a large endowment from Jonas Gilman Clark.,University History,custom_entries,Best Education Consultancy in Kathmandu Nepal: Edwise Foundation,10,2ac0a9ba-1a6a-4a93-981d-b4c43056f31f,1.0
"Does the provided text offer details on application processes, admission requirements, or tuition costs for any of the mentioned universities?","No, the provided text does not offer details on application processes, admission requirements, or tuition costs for any of the mentioned universities.",Missing Information,application_process,Best Education Consultancy in Kathmandu Nepal: Edwise Foundation,10,31197606-fe1c-4071-b64f-afbb74a3ac03,1.0
Which countries does Expert Education Nepal offer study abroad services for?,"Expert Education Nepal provides services for studying in Australia, Canada, the UK, and the US.",Study Destinations,custom_entries,Expert Education Nepal â€“ Rely on Experts,0,1c9e2ba1-e23c-4a20-a2a5-9e79d2d9967e,1.0
How many universities are partnered with Expert Education Nepal?,"Expert Education Nepal is partnered with over 400 education institutions across Australia, Canada, the UK, and the US.",Partner Institutions,custom_entries,Expert Education Nepal â€“ Rely on Experts,0,1fc2c328-badc-46c9-9b9c-9d05fe0ee491,1.0
What kind of support does Expert Education Nepal provide for students?,"They offer education and visa consultancy services, assisting with the entire application process.",Services Offered,application_process,Expert Education Nepal â€“ Rely on Experts,0,b6b4bdbb-b936-4410-979b-f8f12562a113,1.0
What is the approximate number of students Expert Education Nepal has assisted?,"They have helped over 100,000 international students achieve their academic goals abroad.",Success Rate,custom_entries,Expert Education Nepal â€“ Rely on Experts,0,1335841d-ec9b-49a4-84ca-80986efd3f1a,1.0
Does Expert Education Nepal offer assistance with scholarships?,"Yes, they have approved over 10,000 scholarships.",Financial Aid,scholarships,Expert Education Nepal â€“ Rely on Experts,0,694bc178-72a1-49a0-a550-428037e6b5d3,1.0
What is one key benefit of studying in Australia according to Expert Education Nepal?,Studying in Australia allows students to broaden their career prospects by attending top globally ranked universities.,Benefits of Studying in Australia,career_prospects,Expert Education Nepal â€“ Rely on Experts,0,b7734d2f-90ad-4226-b48b-6ee22a5f4403,0.95
What is a key advantage of studying in Canada highlighted by Expert Education Nepal?,Canada offers high-quality education with an affordable fee structure.,Benefits of Studying in Canada,custom_entries,Expert Education Nepal â€“ Rely on Experts,0,d1035bc4-56bd-4145-876e-60efecb57e4e,0.95
What does Expert Education Nepal emphasize as a key feature of studying in the USA?,The USA offers academic excellence and a world-leading technological infrastructure.,Benefits of Studying in the USA,custom_entries,Expert Education Nepal â€“ Rely on Experts,0,0cb2777c-05e8-4f0b-8b5d-5b73db9d3a19,0.95
What services does Expert Education Nepal offer to students planning to study abroad?,"Expert Education Nepal provides comprehensive services including admissions advice, guidance throughout the admissions process, assistance with finding suitable colleges and universities, and support with travel arrangements and accommodation.",Services Offered,accommodation,Expert Education Nepal â€“ Rely on Experts,1,b15d6ca8-2d34-40de-90d3-8b236c346f27,1.0
How does Expert Education Nepal help with the admissions process?,They guide students from the beginning of the application process until they gain admission to a suitable college or university.  This includes advice on choosing educational institutes and addressing the admissions process.,Admissions Support,application_process,Expert Education Nepal â€“ Rely on Experts,1,bdfb33af-c9d2-428d-84a5-1fac1ff0da84,1.0
What assistance does Expert Education Nepal provide regarding accommodation for students studying abroad?,They help students find suitable accommodation options while they are studying abroad.,Accommodation Assistance,accommodation,Expert Education Nepal â€“ Rely on Experts,1,53cd7911-6182-4e67-afb5-0d8b7eadf453,1.0
Does Expert Education Nepal offer visa consulting services?,"Yes, they provide professional visa consulting services to assist with all details and requirements specific to the student's goals.",Visa Consulting,visa_information,Expert Education Nepal â€“ Rely on Experts,1,27e0f9d6-4b6f-4220-93db-7ad045594168,1.0
What kind of feedback have clients provided about Expert Education Nepal?,"Clients consistently praise the service, knowledge, and helpfulness of the staff.  Testimonials highlight their reliability, trustworthiness, helpful advice during the visa process, and efficient service, even while busy.  Positive comments also mention a good and comfortable environment and professionalism.",Client Testimonials,visa_information,Expert Education Nepal â€“ Rely on Experts,1,6e49e926-4c41-4ec5-9a6e-3332a62d9728,0.95
Where can I contact Expert Education Nepal to learn more about their services?,You can contact them through the link provided on their website for top education consultancy in Nepal.,Contact Information,custom_entries,Expert Education Nepal â€“ Rely on Experts,1,289ff6e2-e7e3-4c0b-91cf-934a7a9c7430,1.0
Does Expert Education Nepal assist with scholarship applications?,"Based on their advertised services, Expert Education Nepal provides expert advice on scholarships, among other aspects of the educational process.",Scholarship Support,scholarships,Expert Education Nepal â€“ Rely on Experts,1,6cdbfd18-b9f9-47e3-80b9-332197d1c802,0.9
What is the overall approach of Expert Education Nepal to helping students achieve their study goals?,Their approach emphasizes guiding students from the initial stages of planning to the successful completion of their admissions and visa processes.  They aim to provide comprehensive support throughout the entire journey.,Overall Approach,visa_information,Expert Education Nepal â€“ Rely on Experts,1,22cd847a-fe5d-4028-b632-19fc90401539,1.0
How does Expert Education Nepal support visa applications?,"Expert Education provides full support, professionally preparing visa applications.  They offer insights and knowledge based on experience to strengthen applications.  Clients report successful visa approvals, including multiple visa applications.",Visa Application Support,visa_information,Expert Education Nepal â€“ Rely on Experts,2,7fe6da0b-033a-4876-88a6-638737861208,0.95
What is the typical response time for visa applications processed through Expert Education?,One client received their TR visa within 3 weeks. This timeframe may vary depending on the visa type and individual circumstances.,Visa Processing Times,visa_information,Expert Education Nepal â€“ Rely on Experts,2,a8d00697-2c34-4658-902e-5a7d4f8d334a,0.8
How many visits to the Expert Education office are typically required for visa processing?,One client reported needing only two visits: an initial consultation and a final submission of documents.,Office Visits & Procedures,visa_information,Expert Education Nepal â€“ Rely on Experts,2,f28a101e-d19c-418e-bbb7-ce1bbc81d6de,0.8
What is the feedback on the staff at Expert Education Nepal?,"Clients consistently praise the staff as friendly, helpful, knowledgeable, and reliable. Specific staff members like Upama and Prashanna Dai are highlighted for their personalized support.",Client Testimonials: Staff,custom_entries,Expert Education Nepal â€“ Rely on Experts,2,aec5ec4c-c00e-4d56-b3b8-7fd09f949878,0.9
Does Expert Education Nepal offer free consultations?,At least one client received a free consultation as part of their visa application process.,Consultations & Services,application_process,Expert Education Nepal â€“ Rely on Experts,2,199b12b8-f2d7-4f41-9423-bf361f74284d,0.85
What types of visa applications does Expert Education handle?,"Based on client testimonials, Expert Education handles student visas (including multiple applications for the same client) and TR visas.  It's likely they handle other visa types as well, although not explicitly stated.",Visa Types Handled,visa_information,Expert Education Nepal â€“ Rely on Experts,2,7ef4fc42-5d29-4f68-9d67-64dec1e7920a,0.75
Is Expert Education Nepal considered trustworthy and reliable by its clients?,"Client testimonials overwhelmingly describe Expert Education as extremely reliable, trustworthy, and providing quality services.  They express high satisfaction and strong recommendations.",Client Testimonials: Trust & Reliability,custom_entries,Expert Education Nepal â€“ Rely on Experts,2,58a12a34-9075-4f2e-b3e1-69810a74df06,0.95
What is the overall client experience at Expert Education Nepal?,"Clients describe their experience as positive, highlighting the helpfulness of the staff, efficient service, and successful visa outcomes. The overall atmosphere is also mentioned as comfortable and welcoming.",Overall Client Experience,visa_information,Expert Education Nepal â€“ Rely on Experts,2,b1bc4657-c223-4914-9cfd-e7ef3ffbf0b5,0.9
